Issue Date;S&P GSCI;;;;
2/27/15;421,24;;;;
3/2/15;413,06;;;;
3/3/15;417,21;;;;
3/4/15;417,37;;;;
3/5/15;414,71;;;;
3/6/15;411,78;;;;
3/9/15;410,58;;;;
3/10/15;402,92;;;;
3/11/15;405,51;;;;
3/12/15;403,36;;;;
3/13/15;393,35;;;;
3/16/15;389,73;;;;
3/17/15;386,91;;;;
3/18/15;395,91;;;;
3/19/15;392,02;;;;
3/20/15;398,17;;;;
3/23/15;401,82;;;;
3/24/15;400,17;;;;
3/25/15;404,72;;;;
3/26/15;413,4;;;;
3/27/15;402,71;;;;
3/30/15;402,4;;;;
3/31/15;396,65;;;;
4/1/15;406,71;;;;
4/2/15;400,97;;;;
4/6/15;413,14;;;;
4/7/15;417,87;;;;
4/8/15;404,07;;;;
4/9/15;406,35;;;;
4/10/15;412,37;;;;
4/13/15;412,76;;;;
4/14/15;417,95;;;;
4/15/15;430,83;;;;
4/16/15;434,67;;;;
4/17/15;431,71;;;;
4/20/15;430,82;;;;
4/21/15;426,16;;;;
4/22/15;426,56;;;;
4/23/15;435,07;;;;
4/24/15;435,42;;;;
4/27/15;434,02;;;;
4/28/15;434,67;;;;
4/29/15;440,9;;;;
4/30/15;445,58;;;;
5/1/15;443,83;;;;
5/4/15;444,03;;;;
5/5/15;450,6;;;;
5/6/15;450,97;;;;
5/7/15;441,85;;;;
5/8/15;444,31;;;;
5/11/15;442,28;;;;
5/12/15;450,83;;;;
5/13/15;451,52;;;;
5/14/15;451,84;;;;
5/15/15;450,76;;;;
5/18/15;448,74;;;;
5/19/15;437,39;;;;
5/20/15;440,59;;;;
5/21/15;448,08;;;;
5/22/15;441,93;;;;
5/26/15;432,59;;;;
5/27/15;427,2;;;;
5/28/15;429,16;;;;
5/29/15;439,09;;;;
6/1/15;438,48;;;;
6/2/15;443,49;;;;
6/3/15;436,19;;;;
6/4/15;428,76;;;;
6/5/15;432,88;;;;
6/8/15;432,21;;;;
6/9/15;442,54;;;;
6/10/15;447,25;;;;
6/11/15;442,92;;;;
6/12/15;437,93;;;;
6/15/15;434,39;;;;
6/16/15;435,72;;;;
6/17/15;436,43;;;;
6/18/15;437,47;;;;
6/19/15;431,55;;;;
6/22/15;433,15;;;;
6/23/15;438,79;;;;
6/24/15;435,16;;;;
6/25/15;434,16;;;;
6/26/15;435,74;;;;
6/29/15;431,61;;;;
6/30/15;440,69;;;;
7/1/15;432,64;;;;
7/2/15;433,81;;;;
7/6/15;412,51;;;;
7/7/15;409,29;;;;
7/8/15;409,36;;;;
7/9/15;415,45;;;;
7/10/15;415,48;;;;
7/13/15;413,66;;;;
7/14/15;414,79;;;;
7/15/15;407,85;;;;
7/16/15;406,15;;;;
7/17/15;404,73;;;;
7/20/15;400,11;;;;
7/21/15;400,86;;;;
7/22/15;395,35;;;;
7/23/15;391,01;;;;
7/24/15;386,64;;;;
7/27/15;380,66;;;;
7/28/15;383,54;;;;
7/29/15;384,76;;;;
7/30/15;383,65;;;;
7/31/15;378,38;;;;
8/3/15;368,68;;;;
8/4/15;371,33;;;;
8/5/15;369,32;;;;
8/6/15;367,43;;;;
8/7/15;365,42;;;;
8/10/15;375,04;;;;
8/11/15;367,05;;;;
8/12/15;367,89;;;;
8/13/15;365,67;;;;
8/14/15;365,02;;;;
8/17/15;362,4;;;;
8/18/15;362,27;;;;
8/19/15;354,79;;;;
8/20/15;355,2;;;;
8/21/15;348,11;;;;
8/24/15;336,88;;;;
8/25/15;339,75;;;;
8/26/15;335,51;;;;
8/27/15;353,62;;;;
8/28/15;365,65;;;;
8/31/15;380,85;;;;
9/1/15;364,14;;;;
9/2/15;366,64;;;;
9/3/15;369,67;;;;
9/4/15;364,87;;;;
9/8/15;366,93;;;;
9/9/15;359,92;;;;
9/10/15;366,64;;;;
9/11/15;363,47;;;;
9/14/15;359,61;;;;
9/15/15;360,44;;;;
9/16/15;368,37;;;;
9/17/15;365,76;;;;
9/18/15;357,59;;;;
9/21/15;364,58;;;;
9/22/15;362,28;;;;
9/23/15;357,26;;;;
9/24/15;358,31;;;;
9/25/15;362,01;;;;
9/28/15;355,7;;;;
9/29/15;358,67;;;;
9/30/15;359,34;;;;
10/1/15;356,7;;;;
10/2/15;358,25;;;;
10/5/15;363,65;;;;
10/6/15;374,65;;;;
10/7/15;372,57;;;;
10/8/15;378;;;;
10/9/15;379,52;;;;
10/12/15;370,26;;;;
10/13/15;368,59;;;;
10/14/15;368,19;;;;
10/15/15;366,58;;;;
10/16/15;369,21;;;;
10/19/15;361,61;;;;
10/20/15;362,73;;;;
10/21/15;359,15;;;;
10/22/15;359,96;;;;
10/23/15;357,09;;;;
10/26/15;354,65;;;;
10/27/15;351,24;;;;
10/28/15;361,58;;;;
10/29/15;360,44;;;;
10/30/15;363,44;;;;
11/2/15;360,54;;;;
11/3/15;368,17;;;;
11/4/15;360,07;;;;
11/5/15;355,41;;;;
11/6/15;353,68;;;;
11/9/15;350,98;;;;
11/10/15;351,54;;;;
11/11/15;348,07;;;;
11/12/15;343,68;;;;
11/13/15;339,48;;;;
11/16/15;339,29;;;;
11/17/15;335,89;;;;
11/18/15;337,02;;;;
11/19/15;337,46;;;;
11/20/15;337,72;;;;
11/23/15;338,74;;;;
11/24/15;343,39;;;;
11/25/15;343,72;;;;
11/27/15;337,29;;;;
11/30/15;336,15;;;;
12/1/15;337,7;;;;
12/2/15;328,31;;;;
12/3/15;333,44;;;;
12/4/15;331,36;;;;
12/7/15;320,06;;;;
12/8/15;319;;;;
12/9/15;319,07;;;;
12/10/15;319,55;;;;
12/11/15;313,92;;;;
12/14/15;312,4;;;;
12/15/15;314,24;;;;
12/16/15;307,74;;;;
12/17/15;305,49;;;;
12/18/15;307,39;;;;
12/21/15;305,94;;;;
12/22/15;305,01;;;;
12/23/15;311,73;;;;
12/24/15;314,01;;;;
12/28/15;309,46;;;;
12/29/15;315,23;;;;
12/30/15;309,12;;;;
12/31/15;311,65;;;;
1/4/16;309,64;;;;
1/5/16;307,16;;;;
1/6/16;297,95;;;;
1/7/16;295,71;;;;
1/8/16;295,57;;;;
1/11/16;287,62;;;;
1/12/16;284,76;;;;
1/13/16;284,65;;;;
1/14/16;287,02;;;;
1/15/16;279,17;;;;
1/19/16;277,9;;;;
1/20/16;271,81;;;;
1/21/16;278,04;;;;
1/22/16;290,2;;;;
1/25/16;283,15;;;;
1/26/16;288,83;;;;
1/27/16;293,41;;;;
1/28/16;296,26;;;;
1/29/16;300,67;;;;
2/1/16;292,92;;;;
2/2/16;285,54;;;;
2/3/16;295,3;;;;
2/4/16;293,7;;;;
2/5/16;291,64;;;;
2/8/16;288,89;;;;
2/9/16;280,61;;;;
2/10/16;282,29;;;;
2/11/16;281,7;;;;
2/12/16;294,98;;;;
2/16/16;290,97;;;;
2/17/16;300,42;;;;
2/18/16;299,17;;;;
2/19/16;293,73;;;;
2/22/16;300,7;;;;
2/23/16;294,46;;;;
2/24/16;297,85;;;;
2/25/16;300,7;;;;
2/26/16;300;;;;
2/29/16;303,63;;;;
3/1/16;304,73;;;;
3/2/16;306,39;;;;
3/3/16;307,16;;;;
3/4/16;314,68;;;;
3/7/16;324,21;;;;
3/8/16;320,58;;;;
3/9/16;328,73;;;;
3/10/16;327,4;;;;
3/11/16;331,41;;;;
3/14/16;327,13;;;;
3/15/16;323,83;;;;
3/16/16;330,7;;;;
3/17/16;337,88;;;;
3/18/16;335,3;;;;
3/21/16;336,15;;;;
3/22/16;337,53;;;;
3/23/16;329,37;;;;
3/24/16;327,91;;;;
3/28/16;327,84;;;;
3/29/16;324,21;;;;
3/30/16;323,3;;;;
3/31/16;323,42;;;;
4/1/16;316,4;;;;
4/4/16;311,37;;;;
4/5/16;310,41;;;;
4/6/16;317,59;;;;
4/7/16;316,23;;;;
4/8/16;329,02;;;;
4/11/16;332;;;;
4/12/16;341,58;;;;
4/13/16;341,98;;;;
4/14/16;339,67;;;;
4/15/16;336,25;;;;
4/18/16;335,85;;;;
4/19/16;343,57;;;;
4/20/16;352,48;;;;
4/21/16;348,33;;;;
4/22/16;347,98;;;;
4/25/16;345,23;;;;
4/26/16;351,68;;;;
4/27/16;356,09;;;;
4/28/16;359,56;;;;
4/29/16;360,41;;;;
5/2/16;355,13;;;;
5/3/16;348,34;;;;
5/4/16;347,71;;;;
5/5/16;347,81;;;;
5/6/16;350,62;;;;
5/9/16;342,89;;;;
5/10/16;351,72;;;;
5/11/16;361,15;;;;
5/12/16;362,92;;;;
5/13/16;361,72;;;;
5/16/16;367,66;;;;
5/17/16;370,76;;;;
5/18/16;369,98;;;;
5/19/16;366,95;;;;
5/20/16;367,3;;;;
5/23/16;364,89;;;;
5/24/16;366,12;;;;
5/25/16;370,68;;;;
5/26/16;371,6;;;;
5/27/16;371,88;;;;
5/31/16;370,95;;;;
6/1/16;371,67;;;;
6/2/16;374,55;;;;
6/3/16;374,02;;;;
6/6/16;378,77;;;;
6/7/16;382,37;;;;
6/8/16;389,83;;;;
6/9/16;387,76;;;;
6/10/16;381,26;;;;
6/13/16;381,3;;;;
6/14/16;379,16;;;;
6/15/16;376,17;;;;
6/16/16;367,81;;;;
6/17/16;376,85;;;;
6/20/16;382,89;;;;
6/21/16;380,16;;;;
6/22/16;377,03;;;;
6/23/16;380,72;;;;
6/24/16;369,23;;;;
6/27/16;364,07;;;;
6/28/16;372,1;;;;
6/29/16;380,33;;;;
6/30/16;374,03;;;;
7/1/16;376,44;;;;
7/5/16;364,31;;;;
7/6/16;365,96;;;;
7/7/16;355,27;;;;
7/8/16;358,04;;;;
7/11/16;355,91;;;;
7/12/16;365,54;;;;
7/13/16;358,09;;;;
7/14/16;362,25;;;;
7/15/16;361,12;;;;
7/18/16;358,43;;;;
7/19/16;355,34;;;;
7/20/16;354,99;;;;
7/21/16;350,89;;;;
7/22/16;349,03;;;;
7/25/16;345,15;;;;
7/26/16;344,35;;;;
7/27/16;339,4;;;;
7/28/16;336,68;;;;
7/29/16;339,4;;;;
8/1/16;332,43;;;;
8/2/16;330,85;;;;
8/3/16;336,81;;;;
8/4/16;340,67;;;;
8/5/16;342,03;;;;
8/8/16;346,94;;;;
8/9/16;345,28;;;;
8/10/16;341,63;;;;
8/11/16;349,71;;;;
8/12/16;353,12;;;;
8/15/16;359,65;;;;
8/16/16;363,15;;;;
8/17/16;365,08;;;;
8/18/16;370,77;;;;
8/19/16;370,44;;;;
8/22/16;364,4;;;;
8/23/16;367,03;;;;
8/24/16;361,52;;;;
8/25/16;363,15;;;;
8/26/16;363,07;;;;
8/29/16;359,14;;;;
8/30/16;355,72;;;;
8/31/16;348,21;;;;
9/1/16;341,87;;;;
9/2/16;347,18;;;;
9/6/16;348,19;;;;
9/7/16;352,18;;;;
9/8/16;361,99;;;;
9/9/16;354,77;;;;
9/12/16;356,81;;;;
9/13/16;350,6;;;;
9/14/16;346,47;;;;
9/15/16;349,49;;;;
9/16/16;348,1;;;;
9/19/16;348,96;;;;
9/20/16;350,19;;;;
9/21/16;354,9;;;;
9/22/16;358,89;;;;
9/23/16;351,53;;;;
9/26/16;356,46;;;;
9/27/16;350,39;;;;
9/28/16;360,22;;;;
9/29/16;363,33;;;;
9/30/16;364,47;;;;
10/3/16;366,81;;;;
10/4/16;367,42;;;;
10/5/16;371,74;;;;
10/6/16;372,85;;;;
10/7/16;371,81;;;;
10/10/16;378,34;;;;
10/11/16;375,63;;;;
10/12/16;372,76;;;;
10/13/16;375,81;;;;
10/14/16;375,63;;;;
10/17/16;374,62;;;;
10/18/16;375,56;;;;
10/19/16;379,49;;;;
10/20/16;374,09;;;;
10/21/16;375,78;;;;
10/24/16;374,95;;;;
10/25/16;373,11;;;;
10/26/16;370,47;;;;
10/27/16;373,74;;;;
10/28/16;370,01;;;;
10/31/16;361,62;;;;
11/1/16;360,6;;;;
11/2/16;354,9;;;;
11/3/16;352,29;;;;
11/4/16;349,1;;;;
11/7/16;352,92;;;;
11/8/16;354,65;;;;
11/9/16;356,55;;;;
11/10/16;356,24;;;;
11/11/16;351,2;;;;
11/14/16;349,77;;;;
11/15/16;359,36;;;;
11/16/16;357,56;;;;
11/17/16;357,97;;;;
11/18/16;359,71;;;;
11/21/16;370,55;;;;
11/22/16;370,98;;;;
11/23/16;371,24;;;;
11/25/16;365,14;;;;
11/28/16;370,4;;;;
11/29/16;360;;;;
11/30/16;377,22;;;;
12/1/16;384,77;;;;
12/2/16;386,39;;;;
12/5/16;390,18;;;;
12/6/16;387,12;;;;
12/7/16;383,42;;;;
12/8/16;387,01;;;;
12/9/16;390,84;;;;
12/12/16;396,4;;;;
12/13/16;396,9;;;;
12/14/16;391,14;;;;
12/15/16;389,25;;;;
12/16/16;393,46;;;;
12/19/16;392,08;;;;
12/20/16;392,32;;;;
12/21/16;390,7;;;;
12/22/16;391,95;;;;
12/23/16;391,89;;;;
12/27/16;398,22;;;;
12/28/16;399,18;;;;
12/29/16;398,48;;;;
12/30/16;398,2;;;;
1/3/17;390,66;;;;
1/4/17;396,14;;;;
1/5/17;397,84;;;;
1/6/17;398,18;;;;
1/9/17;390,48;;;;
1/10/17;389,01;;;;
1/11/17;394,64;;;;
1/12/17;400,68;;;;
1/13/17;399,85;;;;
1/17/17;400,91;;;;
1/18/17;395,17;;;;
1/19/17;394,96;;;;
1/20/17;399,41;;;;
1/23/17;398,77;;;;
1/24/17;400,17;;;;
1/25/17;397,93;;;;
1/26/17;400,68;;;;
1/27/17;397,47;;;;
1/30/17;393,51;;;;
1/31/17;395,83;;;;
2/1/17;401,7;;;;
2/2/17;400,35;;;;
2/3/17;400,38;;;;
2/6/17;396,76;;;;
2/7/17;395,5;;;;
2/8/17;398,78;;;;
2/9/17;401,76;;;;
2/10/17;407,83;;;;
2/13/17;403,78;;;;
2/14/17;405,1;;;;
2/15/17;405,48;;;;
2/16/17;403,71;;;;
2/17/17;403,03;;;;
2/21/17;404,51;;;;
2/22/17;401,58;;;;
2/23/17;403,74;;;;
2/24/17;401,83;;;;
2/27/17;401,06;;;;
2/28/17;402,22;;;;
3/1/17;403,23;;;;
3/2/17;396,12;;;;
3/3/17;398,56;;;;
3/6/17;398,78;;;;
3/7/17;397,44;;;;
3/8/17;387,67;;;;
3/9/17;382,6;;;;
3/10/17;380,06;;;;
3/13/17;380,16;;;;
3/14/17;377,21;;;;
3/15/17;381,89;;;;
3/16/17;382,26;;;;
3/17/17;383,12;;;;
3/20/17;382,16;;;;
3/21/17;379,41;;;;
3/22/17;378,22;;;;
3/23/17;377,44;;;;
3/24/17;378,13;;;;
3/27/17;376,71;;;;
3/28/17;380,04;;;;
3/29/17;384,81;;;;
3/30/17;387,16;;;;
3/31/17;388,22;;;;
4/3/17;385,6;;;;
4/4/17;389,41;;;;
4/5/17;390,71;;;;
4/6/17;392,84;;;;
4/7/17;395,2;;;;
4/10/17;398,84;;;;
4/11/17;400,63;;;;
4/12/17;400,06;;;;
4/13/17;401,58;;;;
4/17/17;399,31;;;;
4/18/17;396,54;;;;
4/19/17;388,83;;;;
4/20/17;387,7;;;;
4/21/17;383,03;;;;
4/24/17;381,24;;;;
4/25/17;383,57;;;;
4/26/17;383,29;;;;
4/27/17;380,38;;;;
4/28/17;382,77;;;;
5/1/17;381,64;;;;
5/2/17;378,14;;;;
5/3/17;378,8;;;;
5/4/17;367,82;;;;
5/5/17;371,39;;;;
5/8/17;371,1;;;;
5/9/17;368,88;;;;
5/10/17;375,54;;;;
5/11/17;378,29;;;;
5/12/17;379,5;;;;
5/15/17;382,63;;;;
5/16/17;381,77;;;;
5/17/17;384,35;;;;
5/18/17;384,11;;;;
5/19/17;391,04;;;;
5/22/17;393,67;;;;
5/23/17;393,04;;;;
5/24/17;391,92;;;;
5/25/17;383,11;;;;
5/26/17;385,5;;;;
5/30/17;382,86;;;;
5/31/17;377,85;;;;
6/1/17;377,36;;;;
6/2/17;374,34;;;;
6/5/17;371,72;;;;
6/6/17;374,55;;;;
6/7/17;366,99;;;;
6/8/17;367,9;;;;
6/9/17;369,81;;;;
6/12/17;368,35;;;;
6/13/17;369,88;;;;
6/14/17;362,06;;;;
6/15/17;361,85;;;;
6/16/17;364,17;;;;
6/19/17;361,38;;;;
6/20/17;357,1;;;;
6/21/17;352,7;;;;
6/22/17;352,52;;;;
6/23/17;353,8;;;;
6/26/17;355,5;;;;
6/27/17;359,65;;;;
6/28/17;362,61;;;;
6/29/17;365,33;;;;
6/30/17;372,38;;;;
7/3/17;377,72;;;;
7/5/17;369,92;;;;
7/6/17;371,31;;;;
7/7/17;365,51;;;;
7/10/17;366,92;;;;
7/11/17;370,25;;;;
7/12/17;370,22;;;;
7/13/17;370,34;;;;
7/14/17;373,46;;;;
7/17/17;371,9;;;;
7/18/17;373,57;;;;
7/19/17;377,9;;;;
7/20/17;376,88;;;;
7/21/17;371,17;;;;
7/24/17;371,21;;;;
7/25/17;376,84;;;;
7/26/17;381,32;;;;
7/27/17;383,93;;;;
7/28/17;386,62;;;;
7/31/17;388,07;;;;
8/1/17;382,96;;;;
8/2/17;385,77;;;;
8/3/17;383,17;;;;
8/4/17;384,51;;;;
8/7/17;384,8;;;;
8/8/17;384,91;;;;
8/9/17;386,89;;;;
8/10/17;381,93;;;;
8/11/17;383;;;;
8/14/17;378,02;;;;
8/15/17;376,65;;;;
8/16/17;374,29;;;;
8/17/17;374,9;;;;
8/18/17;380,68;;;;
8/21/17;376,5;;;;
8/22/17;377,45;;;;
8/23/17;379,99;;;;
8/24/17;378,99;;;;
8/25/17;379,06;;;;
8/28/17;376,96;;;;
8/29/17;377,48;;;;
8/30/17;375,85;;;;
8/31/17;386;;;;
9/1/17;386,38;;;;
9/5/17;389,97;;;;
9/6/17;392,43;;;;
9/7/17;392,34;;;;
9/8/17;387,18;;;;
9/11/17;388,16;;;;
9/12/17;388,65;;;;
9/13/17;392,41;;;;
9/14/17;394,23;;;;
9/15/17;395,9;;;;
9/18/17;394,94;;;;
9/19/17;393,5;;;;
9/20/17;398,7;;;;
9/21/17;397,27;;;;
9/22/17;398,04;;;;
9/25/17;404,25;;;;
9/26/17;401,57;;;;
9/27/17;402,27;;;;
9/28/17;400,2;;;;
9/29/17;399,31;;;;
10/2/17;393,98;;;;
10/3/17;393,85;;;;
10/4/17;393,73;;;;
10/5/17;398,7;;;;
10/6/17;391,85;;;;
10/9/17;392,46;;;;
10/10/17;398,51;;;;
10/11/17;399,64;;;;
10/12/17;398,1;;;;
10/13/17;402,8;;;;
10/16/17;404,66;;;;
10/17/17;403,24;;;;
10/18/17;403,32;;;;
10/19/17;401,03;;;;
10/20/17;402,38;;;;
10/23/17;402,94;;;;
10/24/17;406,76;;;;
10/25/17;406,44;;;;
10/26/17;408,54;;;;
10/27/17;412,04;;;;
10/30/17;413,8;;;;
10/31/17;415,14;;;;
11/1/17;415,16;;;;
11/2/17;415,7;;;;
11/3/17;420,59;;;;
11/6/17;429,44;;;;
11/7/17;427,58;;;;
11/8/17;427,39;;;;
11/9/17;429,19;;;;
11/10/17;428,59;;;;
11/13/17;428,53;;;;
11/14/17;421,84;;;;
11/15/17;420,62;;;;
11/16/17;418,75;;;;
11/17/17;425,35;;;;
11/20/17;422,82;;;;
11/21/17;424,66;;;;
11/22/17;429,02;;;;
11/24/17;431,23;;;;
11/27/17;429,62;;;;
11/28/17;428,79;;;;
11/29/17;426,11;;;;
11/30/17;424,26;;;;
12/1/17;429,48;;;;
12/4/17;423,56;;;;
12/5/17;422,74;;;;
12/6/17;414,64;;;;
12/7/17;416,7;;;;
12/8/17;420,33;;;;
12/11/17;423,4;;;;
12/12/17;418,48;;;;
12/13/17;415,83;;;;
12/14/17;418,76;;;;
12/15/17;419,7;;;;
12/18/17;421,11;;;;
12/19/17;422,82;;;;
12/20/17;425,98;;;;
12/21/17;427,8;;;;
12/22/17;429,34;;;;
12/26/17;437,26;;;;
12/27/17;437,58;;;;
12/28/17;439,9;;;;
12/29/17;442,44;;;;
1/2/18;442,72;;;;
1/3/18;447,14;;;;
1/4/18;447,83;;;;
1/5/18;443,76;;;;
1/8/18;443,76;;;;
1/9/18;448,4;;;;
1/10/18;450,45;;;;
1/11/18;451,22;;;;
1/12/18;453,23;;;;
1/16/18;450,91;;;;
1/17/18;452,74;;;;
1/18/18;453,12;;;;
1/19/18;450,37;;;;
1/22/18;452,35;;;;
1/23/18;455,67;;;;
1/24/18;461,36;;;;
1/25/18;460,86;;;;
1/26/18;463,44;;;;
1/29/18;460,59;;;;
1/30/18;456,61;;;;
1/31/18;456,53;;;;
2/1/18;460,23;;;;
2/2/18;456,53;;;;
2/5/18;451,6;;;;
2/6/18;447,38;;;;
2/7/18;440,34;;;;
2/8/18;438,06;;;;
2/9/18;428,53;;;;
2/12/18;430,5;;;;
2/13/18;431,7;;;;
2/14/18;439,14;;;;
2/15/18;441,53;;;;
2/16/18;443,59;;;;
2/20/18;444,21;;;;
2/21/18;444,57;;;;
2/22/18;448,84;;;;
2/23/18;451,53;;;;
2/26/18;453,68;;;;
2/27/18;450,09;;;;
2/28/18;443,38;;;;
3/1/18;441,04;;;;
3/2/18;441,56;;;;
3/5/18;447,54;;;;
3/6/18;448,22;;;;
3/7/18;441,54;;;;
3/8/18;437,7;;;;
3/9/18;444,4;;;;
3/12/18;441,5;;;;
3/13/18;440,57;;;;
3/14/18;441,61;;;;
3/15/18;441,32;;;;
3/16/18;444,63;;;;
3/19/18;441,29;;;;
3/20/18;446,15;;;;
3/21/18;453,47;;;;
3/22/18;450,3;;;;
3/23/18;455,17;;;;
3/26/18;453,42;;;;
3/27/18;453,05;;;;
3/28/18;450,03;;;;
3/29/18;452,94;;;;
4/2/18;445,07;;;;
4/3/18;446,9;;;;
4/4/18;445,72;;;;
4/5/18;448,46;;;;
4/6/18;443,72;;;;
4/9/18;451,91;;;;
4/10/18;461,15;;;;
4/11/18;466,72;;;;
4/12/18;466,87;;;;
4/13/18;468,31;;;;
4/16/18;464,51;;;;
4/17/18;464,85;;;;
4/18/18;474,78;;;;
4/19/18;474,03;;;;
4/20/18;473,77;;;;
4/23/18;473,52;;;;
4/24/18;470,42;;;;
4/25/18;472;;;;
4/26/18;473,53;;;;
4/27/18;473,15;;;;
4/30/18;475,76;;;;
5/1/18;470,92;;;;
5/2/18;472,52;;;;
5/3/18;474,28;;;;
5/4/18;479,46;;;;
5/7/18;482,55;;;;
5/8/18;477,01;;;;
5/9/18;485,64;;;;
5/10/18;487,14;;;;
5/11/18;484,43;;;;
5/14/18;486,71;;;;
5/15/18;487,51;;;;
5/16/18;489,2;;;;
5/17/18;490,22;;;;
5/18/18;489,13;;;;
5/21/18;493,06;;;;
5/22/18;494,83;;;;
5/23/18;495,11;;;;
5/24/18;491,49;;;;
5/25/18;482,07;;;;
5/29/18;477,08;;;;
5/30/18;483,69;;;;
5/31/18;481,43;;;;
6/1/18;477,11;;;;
6/4/18;470,5;;;;
6/5/18;472,2;;;;
6/6/18;471,28;;;;
6/7/18;477,43;;;;
6/8/18;476,17;;;;
6/11/18;475,35;;;;
6/12/18;476,47;;;;
6/13/18;478,02;;;;
6/14/18;474,14;;;;
6/15/18;463,61;;;;
6/18/18;467,39;;;;
6/19/18;462,65;;;;
6/20/18;463,76;;;;
6/21/18;460,73;;;;
6/22/18;471,45;;;;
6/25/18;466,27;;;;
6/26/18;473,06;;;;
6/27/18;481,23;;;;
6/28/18;481,55;;;;
6/29/18;487,44;;;;
7/2/18;479,57;;;;
7/3/18;481;;;;
7/5/18;478,61;;;;
7/6/18;480,73;;;;
7/9/18;481,11;;;;
7/10/18;480,64;;;;
7/11/18;459,38;;;;
7/12/18;461,47;;;;
7/13/18;463,37;;;;
7/16/18;450,73;;;;
7/17/18;451,58;;;;
7/18/18;454,3;;;;
7/19/18;455,18;;;;
7/20/18;457,58;;;;
7/23/18;457,87;;;;
7/24/18;460,61;;;;
7/25/18;465,3;;;;
7/26/18;467,01;;;;
7/27/18;464,66;;;;
7/30/18;469,41;;;;
7/31/18;464,83;;;;
8/1/18;457,52;;;;
8/2/18;462,03;;;;
8/3/18;462,15;;;;
8/6/18;464,5;;;;
8/7/18;466,67;;;;
8/8/18;458,41;;;;
8/9/18;457,17;;;;
8/10/18;458,18;;;;
8/13/18;455,09;;;;
8/14/18;454,99;;;;
8/15/18;445,12;;;;
8/16/18;449,37;;;;
8/17/18;451,63;;;;
8/20/18;452,36;;;;
8/21/18;453,82;;;;
8/22/18;460,33;;;;
8/23/18;459,3;;;;
8/24/18;463,79;;;;
8/27/18;465,06;;;;
8/28/18;463,33;;;;
8/29/18;467,99;;;;
8/30/18;469,29;;;;
8/31/18;468,69;;;;
9/4/18;468,1;;;;
9/5/18;463,48;;;;
9/6/18;459,79;;;;
9/7/18;461,03;;;;
9/10/18;462,51;;;;
9/11/18;467,28;;;;
9/12/18;471,39;;;;
9/13/18;464,27;;;;
9/14/18;464,38;;;;
9/17/18;463,41;;;;
9/18/18;467,8;;;;
9/19/18;471,95;;;;
9/20/18;471,27;;;;
9/21/18;473,84;;;;
9/24/18;480,36;;;;
9/25/18;482,5;;;;
9/26/18;479,69;;;;
9/27/18;481,24;;;;
9/28/18;486,28;;;;
10/1/18;496,04;;;;
10/2/18;497,94;;;;
10/3/18;502,55;;;;
10/4/18;495,16;;;;
10/5/18;494,31;;;;
10/8/18;493,51;;;;
10/9/18;496,39;;;;
10/10/18;488,35;;;;
10/11/18;478,67;;;;
10/12/18;480,66;;;;
10/15/18;483,94;;;;
10/16/18;484,69;;;;
10/17/18;477,99;;;;
10/18/18;472,8;;;;
10/19/18;474,72;;;;
10/22/18;475,32;;;;
10/23/18;464,04;;;;
10/24/18;463,92;;;;
10/25/18;465,11;;;;
10/26/18;468,08;;;;
10/29/18;465,41;;;;
10/30/18;459,77;;;;
10/31/18;456,32;;;;
11/1/18;450,82;;;;
11/2/18;450,54;;;;
11/5/18;451,29;;;;
11/6/18;446,97;;;;
11/7/18;447,23;;;;
11/8/18;443,35;;;;
11/9/18;440,55;;;;
11/12/18;441,47;;;;
11/13/18;426,42;;;;
11/14/18;432,83;;;;
11/15/18;429,98;;;;
11/16/18;432,38;;;;
11/19/18;435,24;;;;
11/20/18;418,37;;;;
11/21/18;422,13;;;;
11/23/18;403,56;;;;
11/26/18;407,89;;;;
11/27/18;406,2;;;;
11/28/18;404,38;;;;
11/29/18;408,13;;;;
11/30/18;406,52;;;;
12/3/18;414,76;;;;
12/4/18;417,06;;;;
12/5/18;415,75;;;;
12/6/18;407,68;;;;
12/7/18;416,21;;;;
12/10/18;408,35;;;;
12/11/18;409,55;;;;
12/12/18;407,92;;;;
12/13/18;412,91;;;;
12/14/18;406,09;;;;
12/17/18;400,48;;;;
12/18/18;387,87;;;;
12/19/18;392,63;;;;
12/20/18;381,78;;;;
12/21/18;380,32;;;;
12/24/18;367,29;;;;
12/26/18;380,23;;;;
12/27/18;374,17;;;;
12/28/18;374,98;;;;
12/31/18;374,33;;;;
1/2/19;377,91;;;;
1/3/19;381,2;;;;
1/4/19;386,8;;;;
1/7/19;389,19;;;;
1/8/19;394,47;;;;
1/9/19;405,36;;;;
1/10/19;405,77;;;;
1/11/19;402,93;;;;
1/14/19;399,64;;;;
1/15/19;404,4;;;;
1/16/19;406,27;;;;
1/17/19;406,05;;;;
1/18/19;413,2;;;;
1/22/19;406,6;;;;
1/23/19;405,75;;;;
1/24/19;406,65;;;;
1/25/19;409,69;;;;
1/28/19;401,28;;;;
1/29/19;407,1;;;;
1/30/19;410,38;;;;
1/31/19;407,89;;;;
2/1/19;413,3;;;;
2/4/19;412,67;;;;
2/5/19;410,21;;;;
2/6/19;412;;;;
2/7/19;406,18;;;;
2/8/19;407,89;;;;
2/11/19;406,27;;;;
2/12/19;410,36;;;;
2/13/19;414,69;;;;
2/14/19;416,24;;;;
2/15/19;423,4;;;;
2/19/19;424,21;;;;
2/20/19;427,1;;;;
2/21/19;428,19;;;;
2/22/19;429,45;;;;
2/25/19;420,53;;;;
2/26/19;421,51;;;;
2/27/19;426,77;;;;
2/28/19;426,35;;;;
3/1/19;421,35;;;;
3/4/19;423,05;;;;
3/5/19;424,39;;;;
3/6/19;422,72;;;;
3/7/19;423,37;;;;
3/8/19;421,84;;;;
3/11/19;423,79;;;;
3/12/19;426,05;;;;
3/13/19;431,49;;;;
3/14/19;431,81;;;;
3/15/19;432,48;;;;
3/18/19;434,52;;;;
3/19/19;435,38;;;;
3/20/19;439,49;;;;
3/21/19;438,41;;;;
3/22/19;434,17;;;;
3/25/19;434,29;;;;
3/26/19;437,11;;;;
3/27/19;434,74;;;;
3/28/19;432,8;;;;
3/29/19;434,13;;;;
4/1/19;439,7;;;;
4/2/19;442,69;;;;
4/3/19;443,51;;;;
4/4/19;443,93;;;;
4/5/19;447,27;;;;
4/8/19;451,44;;;;
4/9/19;449,68;;;;
4/10/19;453,84;;;;
4/11/19;449,85;;;;
4/12/19;452,47;;;;
4/15/19;450,07;;;;
4/16/19;450,97;;;;
4/17/19;449,86;;;;
4/18/19;450,85;;;;
4/22/19;456,25;;;;
4/23/19;457,18;;;;
4/24/19;455,09;;;;
4/25/19;452,83;;;;
4/26/19;445,34;;;;
4/29/19;444,82;;;;
4/30/19;446,45;;;;
5/1/19;446,39;;;;
5/2/19;440,23;;;;
5/3/19;440,83;;;;
5/6/19;439,66;;;;
5/7/19;435,14;;;;
5/8/19;436,78;;;;
5/9/19;434;;;;
5/10/19;434,34;;;;
5/13/19;431,47;;;;
5/14/19;436,89;;;;
5/15/19;439,63;;;;
5/16/19;445,15;;;;
5/17/19;443;;;;
5/20/19;443,49;;;;
5/21/19;443,12;;;;
5/22/19;436,07;;;;
5/23/19;422,69;;;;
5/24/19;427,13;;;;
5/28/19;432;;;;
5/29/19;429,51;;;;
5/30/19;421,88;;;;
5/31/19;407,76;;;;
6/3/19;405,26;;;;
6/4/19;406,96;;;;
6/5/19;398,56;;;;
6/6/19;402,93;;;;
6/7/19;407,17;;;;
6/10/19;405,67;;;;
6/11/19;407,35;;;;
6/12/19;399,78;;;;
6/13/19;405,01;;;;
6/14/19;406,96;;;;
6/17/19;404,56;;;;
6/18/19;410,41;;;;
6/19/19;408,49;;;;
6/20/19;420,16;;;;
6/21/19;421,16;;;;
6/24/19;422,81;;;;
6/25/19;424,63;;;;
6/26/19;430,87;;;;
6/27/19;430,55;;;;
6/28/19;425,36;;;;
7/1/19;425,44;;;;
7/2/19;414,5;;;;
7/3/19;421;;;;
7/5/19;422,34;;;;
7/8/19;421,54;;;;
7/9/19;422,35;;;;
7/10/19;434,12;;;;
7/11/19;433,6;;;;
7/12/19;434,63;;;;
7/15/19;430,93;;;;
7/16/19;423,02;;;;
7/17/19;419,89;;;;
7/18/19;412,6;;;;
7/19/19;415,92;;;;
7/22/19;416,86;;;;
7/23/19;419,74;;;;
7/24/19;417,72;;;;
7/25/19;417,46;;;;
7/26/19;416,69;;;;
7/29/19;418,52;;;;
7/30/19;421,65;;;;
7/31/19;422,44;;;;
8/1/19;403,17;;;;
8/2/19;407,67;;;;
8/5/19;401,9;;;;
8/6/19;397,52;;;;
8/7/19;387,47;;;;
8/8/19;394,25;;;;
8/9/19;399,73;;;;
8/12/19;397,15;;;;
8/13/19;405,55;;;;
8/14/19;398,07;;;;
8/15/19;394,52;;;;
8/16/19;395,88;;;;
8/19/19;399,34;;;;
8/20/19;399,86;;;;
8/21/19;400,02;;;;
8/22/19;397,98;;;;
8/23/19;393,36;;;;
8/26/19;392,51;;;;
8/27/19;396,03;;;;
8/28/19;400,37;;;;
8/29/19;403,61;;;;
8/30/19;397,06;;;;
9/3/19;392,44;;;;
9/4/19;403,72;;;;
9/5/19;404,27;;;;
9/6/19;404,47;;;;
9/9/19;409,68;;;;
9/10/19;410,39;;;;
9/11/19;404,2;;;;
9/12/19;403,44;;;;
9/13/19;403,83;;;;
9/16/19;436,08;;;;
9/17/19;420,65;;;;
9/18/19;417,01;;;;
9/19/19;418,52;;;;
9/20/19;417,41;;;;
9/23/19;420,38;;;;
9/24/19;414,8;;;;
9/25/19;411,72;;;;
9/26/19;411,39;;;;
9/27/19;409,6;;;;
9/30/19;403,61;;;;
10/1/19;402,31;;;;
10/2/19;397,18;;;;
10/3/19;397,36;;;;
10/4/19;399,47;;;;
10/7/19;399,21;;;;
10/8/19;399,49;;;;
10/9/19;400,18;;;;
10/10/19;402,16;;;;
10/11/19;409,42;;;;
10/14/19;405,25;;;;
10/15/19;403,38;;;;
10/16/19;405,32;;;;
10/17/19;407,09;;;;
10/18/19;406,7;;;;
10/21/19;404,01;;;;
10/22/19;406,9;;;;
10/23/19;412,75;;;;
10/24/19;414,49;;;;
10/25/19;416,23;;;;
10/28/19;414,03;;;;
10/29/19;413,97;;;;
10/30/19;411,73;;;;
10/31/19;407,51;;;;
11/1/19;416,88;;;;
11/4/19;419,2;;;;
11/5/19;421,93;;;;
11/6/19;416,93;;;;
11/7/19;418,7;;;;
11/8/19;419,11;;;;
11/11/19;416,52;;;;
11/12/19;417,32;;;;
11/13/19;418,03;;;;
11/14/19;417,15;;;;
11/15/19;420,5;;;;
11/18/19;415,65;;;;
11/19/19;409,67;;;;
11/20/19;415,38;;;;
11/21/19;420,82;;;;
11/22/19;418,93;;;;
11/25/19;420,02;;;;
11/26/19;422,06;;;;
11/27/19;420,34;;;;
11/29/19;409,19;;;;
12/2/19;410,79;;;;
12/3/19;410,75;;;;
12/4/19;418,75;;;;
12/5/19;419,66;;;;
12/6/19;422,74;;;;
12/9/19;421,64;;;;
12/10/19;423,2;;;;
12/11/19;420,28;;;;
12/12/19;423,64;;;;
12/13/19;428,05;;;;
12/16/19;431,09;;;;
12/17/19;433,8;;;;
12/18/19;433,11;;;;
12/19/19;434,96;;;;
12/20/19;433,3;;;;
12/23/19;433,04;;;;
12/24/19;435,99;;;;
12/26/19;439,7;;;;
12/27/19;440,27;;;;
12/30/19;439,58;;;;
12/31/19;436,22;;;;
1/2/20;436,82;;;;
1/3/20;443,35;;;;
1/6/20;444,63;;;;
1/7/20;442,35;;;;
1/8/20;431,04;;;;
1/9/20;430,6;;;;
1/10/20;430,12;;;;
1/13/20;426,27;;;;
1/14/20;427,72;;;;
1/15/20;425,45;;;;
1/16/20;425,84;;;;
1/17/20;426,91;;;;
1/21/20;425,14;;;;
1/22/20;418,53;;;;
1/23/20;413,65;;;;
1/24/20;406,27;;;;
1/27/20;398,34;;;;
1/28/20;400,39;;;;
1/29/20;398,75;;;;
1/30/20;392,02;;;;
1/31/20;388,8;;;;
2/3/20;381,35;;;;
2/4/20;380,33;;;;
2/5/20;386,28;;;;
2/6/20;387,19;;;;
2/7/20;386,2;;;;
2/10/20;382,18;;;;
2/11/20;384,56;;;;
2/12/20;392,04;;;;
2/13/20;394,01;;;;
2/14/20;396,23;;;;
2/18/20;398,34;;;;
2/19/20;403,64;;;;
2/20/20;403,22;;;;
2/21/20;400,54;;;;
2/24/20;389,26;;;;
2/25/20;382,82;;;;
2/26/20;376,2;;;;
2/27/20;367,9;;;;
2/28/20;358,44;;;;
3/2/20;368,82;;;;
3/3/20;371,06;;;;
3/4/20;370,11;;;;
3/5/20;365,27;;;;
3/6/20;345,14;;;;
3/9/20;305,29;;;;
3/10/20;318,91;;;;
3/11/20;313,29;;;;
3/12/20;300,45;;;;
3/13/20;298,4;;;;
3/16/20;279;;;;
3/17/20;273,87;;;;
3/18/20;251,02;;;;
3/19/20;269,53;;;;
3/20/20;261,59;;;;
3/23/20;263,63;;;;
3/24/20;270,58;;;;
3/25/20;273,38;;;;
3/26/20;266,17;;;;
3/27/20;261,54;;;;
3/30/20;254,64;;;;
3/31/20;255,54;;;;
4/1/20;247,12;;;;
4/2/20;263,95;;;;
4/3/20;275,44;;;;
4/6/20;271,7;;;;
4/7/20;270,56;;;;
4/8/20;277,08;;;;
4/9/20;276,41;;;;
4/13/20;280,12;;;;
4/14/20;278,54;;;;
4/15/20;270,95;;;;
4/16/20;270,66;;;;
4/17/20;270,57;;;;
4/20/20;258,69;;;;
4/21/20;228,24;;;;
4/22/20;236,8;;;;
4/23/20;243,35;;;;
4/24/20;241,45;;;;
4/27/20;230,45;;;;
4/28/20;239,97;;;;
4/29/20;246,03;;;;
4/30/20;257,04;;;;
5/1/20;256,49;;;;
5/4/20;259,09;;;;
5/5/20;274,17;;;;
5/6/20;268,76;;;;
5/7/20;271,34;;;;
5/8/20;278,13;;;;
5/11/20;274,1;;;;
5/12/20;276,84;;;;
5/13/20;272,9;;;;
5/14/20;279,94;;;;
5/15/20;285,15;;;;
5/18/20;296,36;;;;
5/19/20;296,49;;;;
5/20/20;301,52;;;;
5/21/20;301,52;;;;
5/22/20;297,92;;;;
5/26/20;303,49;;;;
5/27/20;297,3;;;;
5/28/20;299,51;;;;
5/29/20;307,08;;;;
6/1/20;307,35;;;;
6/2/20;312,67;;;;
6/3/20;313,91;;;;
6/4/20;316;;;;
6/5/20;325,54;;;;
6/8/20;321,63;;;;
6/9/20;324,41;;;;
6/10/20;327,43;;;;
6/11/20;314,79;;;;
6/12/20;314,28;;;;
6/15/20;317,2;;;;
6/16/20;322,31;;;;
6/17/20;321,63;;;;
6/18/20;324,4;;;;
6/19/20;327,64;;;;
6/22/20;330,63;;;;
6/23/20;329,77;;;;
6/24/20;319,02;;;;
6/25/20;320,22;;;;
6/26/20;318,09;;;;
6/29/20;324,51;;;;
6/30/20;325,48;;;;
7/1/20;328,74;;;;
7/2/20;332,86;;;;
7/6/20;334,28;;;;
7/7/20;335,18;;;;
7/8/20;337,25;;;;
7/9/20;333,88;;;;
7/10/20;337,9;;;;
7/13/20;336,24;;;;
7/14/20;335,75;;;;
7/15/20;339,95;;;;
7/16/20;338,3;;;;
7/17/20;337,46;;;;
7/20/20;337,3;;;;
7/21/20;343,2;;;;
7/22/20;343,67;;;;
7/23/20;341,66;;;;
7/24/20;342,01;;;;
7/27/20;342,56;;;;
7/28/20;341,36;;;;
7/29/20;343,38;;;;
7/30/20;337,76;;;;
7/31/20;339,82;;;;
8/3/20;344,71;;;;
8/4/20;346,67;;;;
8/5/20;350,3;;;;
8/6/20;349,28;;;;
8/7/20;345,15;;;;
8/10/20;348,77;;;;
8/11/20;347,09;;;;
8/12/20;351,82;;;;
8/13/20;352,05;;;;
8/14/20;352,17;;;;
8/17/20;357,21;;;;
8/18/20;358,23;;;;
8/19/20;358,53;;;;
8/20/20;356,31;;;;
8/21/20;353,36;;;;
8/24/20;356,18;;;;
8/25/20;360,04;;;;
8/26/20;359,87;;;;
8/27/20;358,83;;;;
8/28/20;359,95;;;;
8/31/20;358,21;;;;
9/1/20;359,76;;;;
9/2/20;353,72;;;;
9/3/20;350,86;;;;
9/4/20;347,11;;;;
9/8/20;335,58;;;;
9/9/20;341,06;;;;
9/10/20;339,76;;;;
9/11/20;341,05;;;;
9/14/20;342,49;;;;
9/15/20;345,14;;;;
9/16/20;351,99;;;;
9/17/20;356,23;;;;
9/18/20;358,03;;;;
9/21/20;347,36;;;;
9/22/20;347,96;;;;
9/23/20;347,73;;;;
9/24/20;348,47;;;;
9/25/20;348,23;;;;
9/28/20;350,56;;;;
9/29/20;344,88;;;;
9/30/20;350,18;;;;
10/1/20;343,47;;;;
10/2/20;337,48;;;;
10/5/20;347,38;;;;
10/6/20;353,74;;;;
10/7/20;353,48;;;;
10/8/20;359,08;;;;
10/9/20;360,58;;;;
10/12/20;355,79;;;;
10/13/20;358,41;;;;
10/14/20;362,2;;;;
10/15/20;363,22;;;;
10/16/20;362,61;;;;
10/19/20;362,14;;;;
10/20/20;364,79;;;;
10/21/20;360,11;;;;
10/22/20;361,48;;;;
10/23/20;358,77;;;;
10/26/20;353,14;;;;
10/27/20;357,26;;;;
10/28/20;346,56;;;;
10/29/20;341,16;;;;
10/30/20;340,78;;;;
11/2/20;345;;;;
11/3/20;348,47;;;;
11/4/20;354,79;;;;
11/5/20;354,9;;;;
11/6/20;349,62;;;;
11/9/20;361,29;;;;
11/10/20;368,94;;;;
11/11/20;369,68;;;;
11/12/20;368,35;;;;
11/13/20;364,5;;;;
11/16/20;369,03;;;;
11/17/20;369,95;;;;
11/18/20;372,68;;;;
11/19/20;370,19;;;;
11/20/20;373,87;;;;
11/23/20;377,49;;;;
11/24/20;385,7;;;;
11/25/20;387,57;;;;
11/27/20;388,06;;;;
11/30/20;385,59;;;;
12/1/20;383,56;;;;
12/2/20;386,27;;;;
12/3/20;386,68;;;;
12/4/20;388,55;;;;
12/7/20;386,37;;;;
12/8/20;385,52;;;;
12/9/20;387,12;;;;
12/10/20;394,37;;;;
12/11/20;393,72;;;;
12/14/20;395,26;;;;
12/15/20;398,36;;;;
12/16/20;400,13;;;;
12/17/20;404,51;;;;
12/18/20;408,02;;;;
12/21/20;402,18;;;;
12/22/20;398,69;;;;
12/23/20;404,54;;;;
12/24/20;404,67;;;;
12/28/20;401,83;;;;
12/29/20;404,68;;;;
12/30/20;407,83;;;;
12/31/20;409,46;;;;
1/4/21;408,05;;;;
1/5/21;420,63;;;;
1/6/21;422,7;;;;
1/7/21;423,35;;;;
1/8/21;427,56;;;;
1/11/21;426,02;;;;
1/12/21;433,55;;;;
1/13/21;433,33;;;;
1/14/21;436,94;;;;
1/15/21;431,74;;;;
1/19/21;432,33;;;;
1/20/21;433,66;;;;
1/21/21;433,36;;;;
1/22/21;427,41;;;;
1/25/21;431,49;;;;
1/26/21;433,84;;;;
1/27/21;433,31;;;;
1/28/21;430,55;;;;
1/29/21;430,99;;;;
2/1/21;437,28;;;;
2/2/21;441;;;;
2/3/21;445,62;;;;
2/4/21;447,25;;;;
2/5/21;450,61;;;;
2/8/21;457,73;;;;
2/9/21;459,65;;;;
2/10/21;459,49;;;;
2/11/21;458,74;;;;
2/12/21;463,95;;;;
2/16/21;470,27;;;;
2/17/21;473,15;;;;
2/18/21;472,78;;;;
2/19/21;470,09;;;;
2/22/21;480,9;;;;
2/23/21;481,16;;;;
2/24/21;489,3;;;;
2/25/21;488,67;;;;
2/26/21;476,99;;;;
3/1/21;472,62;;;;
3/2/21;471,96;;;;
3/3/21;474,61;;;;
3/4/21;481,35;;;;
3/5/21;491,43;;;;
3/8/21;487,62;;;;
3/9/21;484,87;;;;
3/10/21;485,46;;;;
3/11/21;493,41;;;;
3/12/21;492,22;;;;
3/15/21;491,91;;;;
3/16/21;490,18;;;;
3/17/21;488,61;;;;
3/18/21;469,28;;;;
3/19/21;475,1;;;;
3/22/21;475,63;;;;
3/23/21;461,39;;;;
3/24/21;474,22;;;;
3/25/21;462,3;;;;
3/26/21;474,01;;;;
3/29/21;474,58;;;;
3/30/21;468,96;;;;
3/31/21;467,41;;;;
4/1/21;474,02;;;;
4/5/21;464,33;;;;
4/6/21;468,57;;;;
4/7/21;469,95;;;;
4/8/21;472,66;;;;
4/9/21;471,16;;;;
4/12/21;470,38;;;;
4/13/21;473,69;;;;
4/14/21;487,52;;;;
4/15/21;490,15;;;;
4/16/21;488,72;;;;
4/19/21;490,58;;;;
4/20/21;489,32;;;;
4/21/21;487,19;;;;
4/22/21;490,26;;;;
4/23/21;494,1;;;;
4/26/21;497,81;;;;
4/27/21;501,96;;;;
4/28/21;504,92;;;;
4/29/21;508,65;;;;
4/30/21;505,85;;;;
5/3/21;509,63;;;;
5/4/21;516,52;;;;
5/5/21;519,21;;;;
5/6/21;518,86;;;;
5/7/21;523,03;;;;
5/10/21;520,84;;;;
5/11/21;524,41;;;;
5/12/21;526,65;;;;
5/13/21;511,52;;;;
5/14/21;515;;;;
5/17/21;520,92;;;;
5/18/21;519,43;;;;
5/19/21;507,45;;;;
5/20/21;502,43;;;;
5/21/21;506,4;;;;
5/24/21;514,25;;;;
5/25/21;512,51;;;;
5/26/21;513,9;;;;
5/27/21;521,12;;;;
5/28/21;519,23;;;;
6/1/21;528,08;;;;
6/2/21;531,23;;;;
6/3/21;527,04;;;;
6/4/21;533,74;;;;
6/7/21;529,65;;;;
6/8/21;532,74;;;;
6/9/21;531,92;;;;
6/10/21;532,62;;;;
6/11/21;532,03;;;;
6/14/21;529,53;;;;
6/15/21;529,68;;;;
6/16/21;529,98;;;;
6/17/21;515,51;;;;
6/18/21;520,03;;;;
6/21/21;525,52;;;;
6/22/21;525,35;;;;
6/23/21;528,35;;;;
6/24/21;528,63;;;;
6/25/21;529,97;;;;
6/28/21;528,86;;;;
6/29/21;530,03;;;;
6/30/21;535,98;;;;
7/1/21;540,53;;;;
7/2/21;541,46;;;;
7/6/21;528,83;;;;
7/7/21;523,84;;;;
7/8/21;524,96;;;;
7/9/21;531,76;;;;
7/12/21;531,75;;;;
7/13/21;536,72;;;;
7/14/21;531,43;;;;
7/15/21;527,34;;;;
7/16/21;528,17;;;;
7/19/21;506,51;;;;
7/20/21;512,63;;;;
7/21/21;525,44;;;;
7/22/21;531,69;;;;
7/23/21;532,48;;;;
7/26/21;535,33;;;;
7/27/21;532,92;;;;
7/28/21;535,58;;;;
7/29/21;543,34;;;;
7/30/21;541,13;;;;
8/2/21;533,45;;;;
8/3/21;530,15;;;;
8/4/21;521,9;;;;
8/5/21;526,04;;;;
8/6/21;522,34;;;;
8/9/21;512,53;;;;
8/10/21;521,33;;;;
8/11/21;525,08;;;;
8/12/21;525,87;;;;
8/13/21;524,74;;;;
8/16/21;520,52;;;;
8/17/21;515,43;;;;
8/18/21;511,29;;;;
8/19/21;500,4;;;;
8/20/21;494,43;;;;
8/23/21;510,65;;;;
8/24/21;520,1;;;;
8/25/21;524,33;;;;
8/26/21;521,59;;;;
8/27/21;529,1;;;;
8/30/21;529,7;;;;
8/31/21;527,37;;;;
9/1/21;526,09;;;;
9/2/21;532,64;;;;
9/3/21;531,87;;;;
9/7/21;525,1;;;;
9/8/21;528,84;;;;
9/9/21;525,1;;;;
9/10/21;531,43;;;;
9/13/21;533,38;;;;
9/14/21;533,92;;;;
9/15/21;545,01;;;;
9/16/21;542,58;;;;
9/17/21;538,85;;;;
9/20/21;529,55;;;;
9/21/21;529,1;;;;
9/22/21;539,31;;;;
9/23/21;546,01;;;;
9/24/21;549,72;;;;
9/27/21;558,69;;;;
9/28/21;557,61;;;;
9/29/21;554,51;;;;
9/30/21;557,71;;;;
10/1/21;561,91;;;;
10/4/21;571,16;;;;
10/5/21;579,28;;;;
10/6/21;569,16;;;;
10/7/21;573,86;;;;
10/8/21;576,88;;;;
10/11/21;581,23;;;;
10/12/21;579,49;;;;
10/13/21;579,2;;;;
10/14/21;585,92;;;;
10/15/21;591,73;;;;
10/18/21;588,41;;;;
10/19/21;589,88;;;;
10/20/21;595,78;;;;
10/21/21;585,83;;;;
10/22/21;590,06;;;;
10/25/21;596,52;;;;
10/26/21;598,07;;;;
10/27/21;590;;;;
10/28/21;589,2;;;;
10/29/21;588,21;;;;
11/1/21;592,38;;;;
11/2/21;592,95;;;;
11/3/21;580,72;;;;
11/4/21;573,62;;;;
11/5/21;580,26;;;;
11/8/21;582,56;;;;
11/9/21;586,55;;;;
11/10/21;579,21;;;;
11/11/21;582,57;;;;
11/12/21;579,62;;;;
11/15/21;579,94;;;;
11/16/21;580,36;;;;
11/17/21;572,28;;;;
11/18/21;575,03;;;;
11/19/21;567,13;;;;
11/22/21;571,35;;;;
11/23/21;580,47;;;;
11/24/21;581,01;;;;
11/26/21;539,93;;;;
11/29/21;542,48;;;;
11/30/21;522,44;;;;
12/1/21;521,29;;;;
12/2/21;524,19;;;;
12/3/21;525,15;;;;
12/6/21;534,31;;;;
12/7/21;544,61;;;;
12/8/21;547,27;;;;
12/9/21;541,61;;;;
12/10/21;544,33;;;;
12/13/21;541,82;;;;
12/14/21;538,86;;;;
12/15/21;536,29;;;;
12/16/21;546,07;;;;
12/17/21;540,29;;;;
12/20/21;530,68;;;;
12/21/21;544,64;;;;
12/22/21;553,86;;;;
12/23/21;558,35;;;;
12/27/21;566,53;;;;
12/28/21;566,18;;;;
12/29/21;568,8;;;;
12/30/21;567,97;;;;
12/31/21;561,18;;;;
1/3/22;564,48;;;;
1/4/22;570,98;;;;
1/5/22;575,15;;;;
1/6/22;578,04;;;;
1/7/22;578,11;;;;
1/10/22;574,42;;;;
1/11/22;587,99;;;;
1/12/22;595,55;;;;
1/13/22;590,07;;;;
1/14/22;596,76;;;;
1/18/22;603,72;;;;
1/19/22;610,98;;;;
1/20/22;611,42;;;;
1/21/22;608,88;;;;
1/24/22;601,58;;;;
1/25/22;611,04;;;;
1/26/22;619,55;;;;
1/27/22;616,74;;;;
1/28/22;620,35;;;;
1/31/22;623,78;;;;
2/1/22;626,69;;;;
2/2/22;630,89;;;;
2/3/22;635,03;;;;
2/4/22;643,01;;;;
2/7/22;639,93;;;;
2/8/22;631,7;;;;
2/9/22;636,98;;;;
2/10/22;635,46;;;;
2/11/22;643,08;;;;
2/14/22;652,38;;;;
2/15/22;638,65;;;;
2/16/22;647,98;;;;
2/17/22;641,92;;;;
2/18/22;643,6;;;;
2/22/22;656,22;;;;
2/23/22;658,85;;;;
2/24/22;667,6;;;;
2/25/22;652,62;;;;
2/28/22;673,05;;;;
3/1/22;710,8;;;;
3/2/22;746,07;;;;
3/3/22;745,85;;;;
3/4/22;783,32;;;;
3/7/22;803,75;;;;
3/8/22;822,3;;;;
3/9/22;745,73;;;;
3/10/22;727,48;;;;
3/11/22;740,84;;;;
3/14/22;716,1;;;;
3/15/22;693,01;;;;
3/16/22;684,42;;;;
3/17/22;723,15;;;;
3/18/22;725,61;;;;
3/21/22;755,95;;;;
3/22/22;755;;;;
3/23/22;782,85;;;;
3/24/22;774,76;;;;
3/25/22;781,59;;;;
3/28/22;746,63;;;;
3/29/22;731,81;;;;
3/30/22;750,92;;;;
3/31/22;724,19;;;;
4/1/22;721,21;;;;
4/4/22;737,66;;;;
4/5/22;734,83;;;;
4/6/22;713,61;;;;
4/7/22;709,11;;;;
4/8/22;720,36;;;;
4/11/22;706,81;;;;
4/12/22;734,02;;;;
4/13/22;751,15;;;;
4/14/22;764,9;;;;
4/18/22;776,28;;;;
4/19/22;749,88;;;;
4/20/22;751,05;;;;
4/21/22;754,97;;;;
4/22/22;745;;;;
4/25/22;726,94;;;;
4/26/22;742,03;;;;
4/27/22;749,35;;;;
4/28/22;757,05;;;;
4/29/22;756,75;;;;
5/2/22;760,61;;;;
5/3/22;747,73;;;;
5/4/22;771,37;;;;
5/5/22;774,46;;;;
5/6/22;769,37;;;;
5/9/22;733,73;;;;
5/10/22;723,24;;;;
5/11/22;745,66;;;;
5/12/22;744,53;;;;
5/13/22;759,68;;;;
5/16/22;776,4;;;;
5/17/22;772,38;;;;
5/18/22;754,73;;;;
5/19/22;766,44;;;;
5/20/22;765,76;;;;
5/23/22;772,17;;;;
5/24/22;769,02;;;;
5/25/22;771,9;;;;
5/26/22;785,81;;;;
5/27/22;792,75;;;;
5/31/22;786,45;;;;
6/1/22;793,48;;;;
6/2/22;800,34;;;;
6/3/22;808,3;;;;
6/6/22;816,44;;;;
6/7/22;814,27;;;;
6/8/22;818,63;;;;
6/9/22;816,81;;;;
6/10/22;804,8;;;;
6/13/22;794,07;;;;
6/14/22;781,17;;;;
6/15/22;776,47;;;;
6/16/22;783,07;;;;
6/17/22;753,61;;;;
6/21/22;755,44;;;;
6/22/22;742,01;;;;
6/23/22;724,63;;;;
6/24/22;735,03;;;;
6/27/22;737,16;;;;
6/28/22;744,91;;;;
6/29/22;737,16;;;;
6/30/22;709,23;;;;
7/1/22;719,67;;;;
7/5/22;674,69;;;;
7/6/22;664,15;;;;
7/7/22;691,2;;;;
7/8/22;697,69;;;;
7/11/22;696,31;;;;
7/12/22;657,75;;;;
7/13/22;659,71;;;;
7/14/22;648,09;;;;
7/15/22;658,47;;;;
7/18/22;681,38;;;;
7/19/22;679,94;;;;
7/20/22;681,89;;;;
7/21/22;665,65;;;;
7/22/22;663,45;;;;
7/25/22;672,8;;;;
7/26/22;674,37;;;;
7/27/22;683,99;;;;
7/28/22;683,92;;;;
7/29/22;692,64;;;;
8/1/22;671,69;;;;
8/2/22;666,98;;;;
8/3/22;656,84;;;;
8/4/22;649,47;;;;
8/5/22;649,27;;;;
8/8/22;650,72;;;;
8/9/22;655,16;;;;
8/10/22;664,01;;;;
8/11/22;677,61;;;;
8/12/22;672,69;;;;
8/15/22;659,53;;;;
8/16/22;652,2;;;;
8/17/22;657,55;;;;
8/18/22;665,55;;;;
8/19/22;670,09;;;;
8/22/22;672,33;;;;
8/23/22;684,93;;;;
8/24/22;691,74;;;;
8/25/22;683,94;;;;
8/26/22;688,96;;;;
8/29/22;702,23;;;;
8/30/22;676,1;;;;
8/31/22;665,93;;;;
9/1/22;648,82;;;;
9/2/22;651,45;;;;
9/6/22;647,66;;;;
9/7/22;630,97;;;;
9/8/22;633,8;;;;
9/9/22;649,89;;;;
9/12/22;657,66;;;;
9/13/22;652,61;;;;
9/14/22;653,93;;;;
9/15/22;632,94;;;;
9/16/22;631,58;;;;
9/19/22;634,16;;;;
9/20/22;633,94;;;;
9/21/22;629,97;;;;
9/22/22;631,29;;;;
9/23/22;606,31;;;;
9/26/22;593,92;;;;
9/27/22;601,01;;;;
9/28/22;618,63;;;;
9/29/22;615,79;;;;
9/30/22;607,76;;;;
10/3/22;623,23;;;;
10/4/22;642,03;;;;
10/5/22;650,61;;;;
10/6/22;654,3;;;;
10/7/22;666,73;;;;
10/10/22;658,26;;;;
10/11/22;646,89;;;;
10/12/22;639,93;;;;
10/13/22;647,9;;;;
10/14/22;631,89;;;;
10/17/22;630,92;;;;
10/18/22;620,78;;;;
10/19/22;624,22;;;;
10/20/22;624,6;;;;
10/21/22;625,58;;;;
10/24/22;626,29;;;;
10/25/22;631,02;;;;
10/26/22;642,04;;;;
10/27/22;643,83;;;;
10/28/22;636,53;;;;
10/31/22;636,84;;;;
11/1/22;641,53;;;;
11/2/22;649,27;;;;
11/3/22;644,84;;;;
11/4/22;665,95;;;;
11/7/22;662,5;;;;
11/8/22;649,71;;;;
11/9/22;634,11;;;;
11/10/22;637,36;;;;
11/11/22;646,73;;;;
11/14/22;637,62;;;;
11/15/22;643,47;;;;
11/16/22;638,48;;;;
11/17/22;623,94;;;;
11/18/22;618,85;;;;
11/21/22;617,84;;;;
11/22/22;623,98;;;;
11/23/22;614,88;;;;
11/25/22;604,91;;;;
11/28/22;603,41;;;;
11/29/22;608,29;;;;
11/30/22;621,11;;;;
12/1/22;620,92;;;;
12/2/22;611,52;;;;
12/5/22;593,76;;;;
12/6/22;579,23;;;;
12/7/22;573,05;;;;
12/8/22;572,5;;;;
12/9/22;572,44;;;;
12/12/22;582,64;;;;
12/13/22;596,39;;;;
12/14/22;602,87;;;;
12/15/22;597,8;;;;
12/16/22;588,21;;;;
12/19/22;586,52;;;;
12/20/22;588,22;;;;
12/21/22;599,42;;;;
12/22/22;594,02;;;;
12/23/22;605,79;;;;
12/27/22;610,71;;;;
12/28/22;605,9;;;;
12/29/22;602,84;;;;
12/30/22;610,07;;;;
1/3/23;590,63;;;;
1/4/23;571,24;;;;
1/5/23;571,13;;;;
1/6/23;573,29;;;;
1/9/23;580,24;;;;
1/10/23;581,13;;;;
1/11/23;592,49;;;;
1/12/23;599,56;;;;
1/13/23;605,79;;;;
1/17/23;609,06;;;;
1/18/23;606,69;;;;
1/19/23;609,58;;;;
1/20/23;616,16;;;;
1/23/23;618,94;;;;
1/24/23;612,22;;;;
1/25/23;610,12;;;;
1/26/23;615,19;;;;
1/27/23;608,9;;;;
1/30/23;599,87;;;;
1/31/23;606,06;;;;
2/1/23;591;;;;
2/2/23;587,89;;;;
2/3/23;574,5;;;;
2/6/23;574,19;;;;
2/7/23;587,86;;;;
2/8/23;592,08;;;;
2/9/23;589,23;;;;
2/10/23;597,6;;;;
2/13/23;599,68;;;;
2/14/23;597,6;;;;
2/15/23;591,81;;;;
2/16/23;590,62;;;;
2/17/23;581,51;;;;
2/21/23;584,31;;;;
2/22/23;573,82;;;;
2/23/23;576,18;;;;
2/24/23;577,58;;;;
2/27/23;577,52;;;;
2/28/23;581,87;;;;
3/1/23;587,87;;;;
3/2/23;588,12;;;;
3/3/23;595,85;;;;
3/6/23;594,24;;;;
3/7/23;582,01;;;;
3/8/23;577,66;;;;
3/9/23;570,86;;;;
3/10/23;575,92;;;;
3/13/23;570,8;;;;
3/14/23;559,79;;;;
3/15/23;540,66;;;;
3/16/23;545,26;;;;
3/17/23;541,62;;;;
3/20/23;543,45;;;;
3/21/23;548,28;;;;
3/22/23;552,46;;;;
3/23/23;550,16;;;;
3/24/23;549,38;;;;
3/27/23;562,62;;;;
3/28/23;565,83;;;;
3/29/23;563,22;;;;
3/30/23;566,65;;;;
3/31/23;574,02;;;;
4/3/23;589,85;;;;
4/4/23;588,35;;;;
4/5/23;590,15;;;;
4/6/23;588,69;;;;
4/10/23;586,92;;;;
4/11/23;592,03;;;;
4/12/23;597,73;;;;
4/13/23;593,72;;;;
4/14/23;594,9;;;;
4/17/23;591,39;;;;
4/18/23;593,16;;;;
4/19/23;583,66;;;;
4/20/23;574,3;;;;
4/21/23;573,9;;;;
4/24/23;577,58;;;;
4/25/23;567,96;;;;
4/26/23;556,94;;;;
4/27/23;556,26;;;;
4/28/23;564,97;;;;
5/1/23;560,11;;;;
5/2/23;543,27;;;;
5/3/23;532,07;;;;
5/4/23;532,77;;;;
5/5/23;545,59;;;;
5/8/23;553,52;;;;
5/9/23;554,17;;;;
5/10/23;550,52;;;;
5/11/23;540,7;;;;
5/12/23;538,91;;;;
5/15/23;546,38;;;;
5/16/23;542,67;;;;
5/17/23;549,27;;;;
5/18/23;545;;;;
5/19/23;543,42;;;;
5/22/23;544,44;;;;
5/23/23;546,47;;;;
5/24/23;551,25;;;;
5/25/23;541,43;;;;
5/26/23;546,86;;;;
5/30/23;532,57;;;;
5/31/23;528,22;;;;
6/1/23;537,41;;;;
6/2/23;545,58;;;;
6/5/23;547,69;;;;
6/6/23;548,2;;;;
6/7/23;549,01;;;;
6/8/23;545,51;;;;
6/9/23;539,81;;;;
6/12/23;527,39;;;;
6/13/23;536,64;;;;
6/14/23;533,35;;;;
6/15/23;547,97;;;;
6/16/23;557,22;;;;
6/20/23;550,61;;;;
6/21/23;559,92;;;;
6/22/23;547,04;;;;
6/23/23;541,56;;;;
6/26/23;542,64;;;;
6/27/23;533,71;;;;
6/28/23;535,38;;;;
6/29/23;535,55;;;;
6/30/23;540,46;;;;
7/3/23;536,66;;;;
7/5/23;545,76;;;;
7/6/23;544,14;;;;
7/7/23;551,84;;;;
7/10/23;549,89;;;;
7/11/23;557,68;;;;
7/12/23;559,22;;;;
7/13/23;565,42;;;;
7/14/23;562,52;;;;
7/17/23;555,83;;;;
7/18/23;564,2;;;;
7/19/23;567,82;;;;
7/20/23;569,89;;;;
7/21/23;574,72;;;;
7/24/23;586,05;;;;
7/25/23;588,87;;;;
7/26/23;585,22;;;;
7/27/23;588,41;;;;
7/28/23;590,94;;;;
7/31/23;593,4;;;;
8/1/23;591,68;;;;
8/2/23;580,71;;;;
8/3/23;587,4;;;;
8/4/23;591,69;;;;
8/7/23;588,32;;;;
8/8/23;590,5;;;;
8/9/23;597,7;;;;
8/10/23;591,9;;;;
8/11/23;590,75;;;;
8/14/23;586,34;;;;
8/15/23;577,46;;;;
8/16/23;573,56;;;;
8/17/23;577,18;;;;
8/18/23;582,04;;;;
8/21/23;579,51;;;;
8/22/23;578,13;;;;
8/23/23;577,75;;;;
8/24/23;579,09;;;;
8/25/23;585,02;;;;
8/28/23;585,12;;;;
8/29/23;586,73;;;;
8/30/23;586,77;;;;
8/31/23;591,42;;;;
9/1/23;598,98;;;;
9/5/23;604,21;;;;
9/6/23;605,1;;;;
9/7/23;603,88;;;;
9/8/23;606,99;;;;
9/11/23;609,28;;;;
9/12/23;612,4;;;;
9/13/23;613,01;;;;
9/14/23;619,63;;;;
9/15/23;618,05;;;;
9/18/23;616,92;;;;
9/19/23;617,52;;;;
9/20/23;614,47;;;;
9/21/23;612,1;;;;
9/22/23;611,24;;;;
9/25/23;609,19;;;;
9/26/23;609,05;;;;
9/27/23;618,3;;;;
9/28/23;615,72;;;;
9/29/23;609,67;;;;
10/2/23;602,01;;;;
10/3/23;600,28;;;;
10/4/23;579,73;;;;
10/5/23;573,27;;;;
10/6/23;575,71;;;;
10/9/23;587,64;;;;
10/10/23;585,09;;;;
10/11/23;577,21;;;;
10/12/23;577,98;;;;
10/13/23;595,85;;;;
10/16/23;591,33;;;;
10/17/23;591,4;;;;
10/18/23;598,98;;;;
10/19/23;602,41;;;;
10/20/23;600,8;;;;
10/23/23;590,77;;;;
10/24/23;583,46;;;;
10/25/23;589,01;;;;
10/26/23;582,78;;;;
10/27/23;591,41;;;;
10/30/23;579,51;;;;
10/31/23;576,97;;;;
11/1/23;575,29;;;;
11/2/23;584,18;;;;
11/3/23;577,89;;;;
11/6/23;578,67;;;;
11/7/23;562,58;;;;
11/8/23;555,76;;;;
11/9/23;554,8;;;;
11/10/23;558,05;;;;
11/13/23;566,97;;;;
11/14/23;567,56;;;;
11/15/23;563,52;;;;
11/16/23;547,61;;;;
11/17/23;556,75;;;;
11/20/23;565;;;;
11/21/23;566,35;;;;
11/22/23;561,71;;;;
11/24/23;554,54;;;;
11/27/23;549,74;;;;
11/28/23;558,48;;;;
11/29/23;563,38;;;;
11/30/23;555,77;;;;
12/1/23;548,71;;;;
12/4/23;543,05;;;;
12/5/23;539,9;;;;
12/6/23;525,05;;;;
12/7/23;525,14;;;;
12/8/23;531,9;;;;
12/11/23;530,4;;;;
12/12/23;520,26;;;;
12/13/23;522,71;;;;
12/14/23;535,48;;;;
12/15/23;537,56;;;;
12/18/23;541,55;;;;
12/19/23;546,27;;;;
12/20/23;545,82;;;;
12/21/23;543,79;;;;
12/22/23;543,73;;;;
12/26/23;551,15;;;;
12/27/23;547,06;;;;
12/28/23;538,9;;;;
12/29/23;535,64;;;;
1/2/24;530,49;;;;
1/3/24;539,16;;;;
1/4/24;536,99;;;;
1/5/24;541,76;;;;
1/8/24;530,19;;;;
1/9/24;538,19;;;;
1/10/24;533,73;;;;
1/11/24;537,07;;;;
1/12/24;538,33;;;;
1/16/24;537,01;;;;
1/17/24;534,31;;;;
1/18/24;540,64;;;;
1/19/24;538,83;;;;
1/22/24;543,86;;;;
1/23/24;545,43;;;;
1/24/24;549,86;;;;
1/25/24;558,65;;;;
1/26/24;561,45;;;;
1/29/24;556,18;;;;
1/30/24;561,23;;;;
1/31/24;555,07;;;;
2/1/24;547,57;;;;
2/2/24;540,01;;;;
2/5/24;541,29;;;;
2/6/24;544,69;;;;
2/7/24;547,75;;;;
2/8/24;556,1;;;;
2/9/24;558,99;;;;
2/12/24;558,07;;;;
2/13/24;559,3;;;;
2/14/24;552,7;;;;
2/15/24;556,09;;;;
2/16/24;558,95;;;;
2/20/24;553,87;;;;
2/21/24;557,33;;;;
2/22/24;559,29;;;;
2/23/24;550,94;;;;
2/26/24;555,92;;;;
2/27/24;561,24;;;;
2/28/24;557,74;;;;
2/29/24;557,93;;;;
3/1/24;564,66;;;;
3/4/24;561,23;;;;
3/5/24;557,53;;;;
3/6/24;562,02;;;;
3/7/24;563,56;;;;
3/8/24;559,46;;;;
3/11/24;561,76;;;;
3/12/24;561,32;;;;
3/13/24;570,29;;;;
3/14/24;573,85;;;;
3/15/24;575,34;;;;
3/18/24;582,4;;;;
3/19/24;582,91;;;;
3/20/24;577,15;;;;
3/21/24;576,95;;;;
3/22/24;574,44;;;;
3/25/24;579,76;;;;
3/26/24;575,57;;;;
3/27/24;573,89;;;;
3/28/24;582,48;;;;
4/1/24;583,88;;;;
4/2/24;590,57;;;;
4/3/24;595,03;;;;
4/4/24;599,18;;;;
4/5/24;601,91;;;;
4/8/24;599,17;;;;
4/9/24;595,7;;;;
4/10/24;598,09;;;;
4/11/24;594,13;;;;
4/12/24;598,32;;;;
4/15/24;596,95;;;;
4/16/24;596,81;;;;
4/17/24;587,15;;;;
4/18/24;586,46;;;;
4/19/24;590,27;;;;
4/22/24;589,96;;;;
4/23/24;593,82;;;;
4/24/24;592,16;;;;
4/25/24;594,6;;;;
4/26/24;595,94;;;;
4/29/24;592,56;;;;
4/30/24;586,17;;;;
5/1/24;572,67;;;;
5/2/24;573,17;;;;
5/3/24;573,19;;;;
5/6/24;576,95;;;;
5/7/24;577,74;;;;
5/8/24;577,29;;;;
5/9/24;578,95;;;;
5/10/24;577,15;;;;
5/13/24;579,5;;;;
5/14/24;575,52;;;;
5/15/24;578,87;;;;
5/16/24;581,57;;;;
5/17/24;587,48;;;;
5/20/24;591,05;;;;
5/21/24;588,94;;;;
5/22/24;583,19;;;;
5/23/24;579,89;;;;
5/24/24;581,69;;;;
5/28/24;592,44;;;;
5/29/24;587,53;;;;
5/30/24;578,31;;;;
5/31/24;573,28;;;;
6/3/24;563,82;;;;
6/4/24;557,9;;;;
6/5/24;560,01;;;;
6/6/24;569,12;;;;
6/7/24;564,42;;;;
6/10/24;571,7;;;;
6/11/24;573;;;;
6/12/24;576,48;;;;
6/13/24;577,03;;;;
6/14/24;575,09;;;;
6/17/24;577,35;;;;
6/18/24;582,33;;;;
6/20/24;583,02;;;;
6/21/24;579,06;;;;
6/24/24;582,21;;;;
6/25/24;577,37;;;;
6/26/24;577,67;;;;
6/27/24;580,49;;;;
6/28/24;578,39;;;;
7/1/24;584,55;;;;
7/2/24;584,45;;;;
7/3/24;588,72;;;;
7/5/24;587,1;;;;
7/8/24;579,83;;;;
7/9/24;573,78;;;;
7/10/24;573,02;;;;
7/11/24;574,33;;;;
7/12/24;572,39;;;;
7/15/24;568,81;;;;
7/16/24;564,21;;;;
7/17/24;568,46;;;;
7/18/24;566,72;;;;
7/19/24;555,85;;;;
7/22/24;556,89;;;;
7/23/24;551,41;;;;
7/24/24;553,92;;;;
7/25/24;554,99;;;;
7/26/24;549,28;;;;
7/29/24;543,14;;;;
7/30/24;539,11;;;;
7/31/24;551,44;;;;
8/1/24;544,37;;;;
8/2/24;533,06;;;;
8/5/24;529,35;;;;
8/6/24;530,76;;;;
8/7/24;537,37;;;;
8/8/24;539,4;;;;
8/9/24;542,08;;;;
8/12/24;551,83;;;;
8/13/24;544,41;;;;
8/14/24;541,85;;;;
8/15/24;546,51;;;;
8/16/24;540,08;;;;
8/19/24;536,75;;;;
8/20/24;534,33;;;;
8/21/24;530,51;;;;
8/22/24;532,14;;;;
8/23/24;540,46;;;;
8/26/24;549,3;;;;
8/27/24;544,54;;;;
8/28/24;538,15;;;;
8/29/24;544,08;;;;
8/30/24;536,75;;;;
9/3/24;524,79;;;;
9/4/24;520,2;;;;
9/5/24;520,15;;;;
9/6/24;511,06;;;;
9/9/24;514,82;;;;
9/10/24;504,22;;;;
9/11/24;510,8;;;;
9/12/24;518,97;;;;
9/13/24;519,1;;;;
9/16/24;523,58;;;;
9/17/24;527,64;;;;
9/18/24;528,58;;;;
9/19/24;533,99;;;;
9/20/24;533,41;;;;
9/23/24;534,36;;;;
9/24/24;541,14;;;;
9/25/24;536,8;;;;
9/26/24;531,19;;;;
9/27/24;532,93;;;;
9/30/24;532,88;;;;
10/1/24;540,87;;;;
10/2/24;543,51;;;;
10/3/24;555,54;;;;
10/4/24;557,37;;;;
10/7/24;566,65;;;;
10/8/24;550,81;;;;
10/9/24;547,77;;;;
10/10/24;559,25;;;;
10/11/24;559,64;;;;
10/14/24;550,4;;;;
10/15/24;536,76;;;;
10/16/24;536,06;;;;
10/17/24;537,02;;;;
10/18/24;531,99;;;;
10/21/24;536,49;;;;
10/22/24;545,37;;;;
10/23/24;542;;;;
10/24/24;540,45;;;;
10/25/24;546,32;;;;
10/28/24;527,5;;;;
10/29/24;527,51;;;;
10/30/24;533,39;;;;
10/31/24;534,2;;;;
11/1/24;534,8;;;;
11/4/24;543,04;;;;
11/5/24;545,5;;;;
11/6/24;541,48;;;;
11/7/24;547,22;;;;
11/8/24;538,42;;;;
11/11/24;530,42;;;;
11/12/24;530,5;;;;
11/13/24;531,48;;;;
11/14/24;530,34;;;;
11/15/24;527,19;;;;
11/18/24;538,05;;;;
11/19/24;539,26;;;;
11/20/24;539,27;;;;
11/21/24;543,84;;;;
11/22/24;547,19;;;;
11/25/24;538,59;;;;
11/26/24;538,99;;;;
11/27/24;536,79;;;;
11/29/24;535,71;;;;
12/2/24;533,28;;;;
12/3/24;540,02;;;;
12/4/24;535,17;;;;
12/5/24;534,62;;;;
12/6/24;531,48;;;;
12/9/24;537,23;;;;
12/10/24;538,86;;;;
12/11/24;545,36;;;;
12/12/24;543,17;;;;
12/13/24;546,3;;;;
12/16/24;543,15;;;;
12/17/24;538,76;;;;
12/18/24;539,94;;;;
12/19/24;535,88;;;;
12/20/24;539,07;;;;
12/23/24;537,33;;;;
12/24/24;541,75;;;;
12/26/24;540;;;;
12/27/24;543,15;;;;
12/30/24;547,91;;;;
12/31/24;549,64;;;;
1/2/25;555,63;;;;
1/3/25;553,64;;;;
1/6/25;555,82;;;;
1/7/25;557,34;;;;
1/8/25;552,88;;;;
1/9/25;557,95;;;;
1/10/25;570,97;;;;
1/13/25;576,13;;;;
1/14/25;571,9;;;;
1/15/25;581,77;;;;
1/16/25;579,33;;;;
1/17/25;577,96;;;;
1/21/25;572,99;;;;
1/22/25;572,27;;;;
1/23/25;570,26;;;;
1/24/25;571,14;;;;
1/27/25;562,49;;;;
1/28/25;564,34;;;;
1/29/25;564,38;;;;
1/30/25;564,38;;;;
1/31/25;561,92;;;;
2/3/25;566,94;;;;
2/4/25;567,57;;;;
2/5/25;562,87;;;;
2/6/25;561,97;;;;
2/7/25;563,23;;;;
2/10/25;570,44;;;;
2/11/25;574,4;;;;
2/12/25;569,16;;;;
2/13/25;569,89;;;;
2/14/25;569,43;;;;
2/18/25;575,96;;;;
2/19/25;577,26;;;;
2/20/25;578,56;;;;
2/21/25;569,4;;;;
2/24/25;567,12;;;;
2/25/25;559,95;;;;
2/26/25;557,09;;;;
2/27/25;560,28;;;;
2/28/25;553,58;;;;
3/3/25;549,83;;;;
3/4/25;549,63;;;;
3/5/25;546,46;;;;
3/6/25;547,53;;;;
3/7/25;551,31;;;;
3/10/25;548,37;;;;
3/11/25;549,75;;;;
3/12/25;553,08;;;;
3/13/25;550,64;;;;
3/14/25;551,69;;;;
3/17/25;555,89;;;;
3/18/25;554,12;;;;
3/19/25;556,9;;;;
3/20/25;559,77;;;;
3/21/25;558,21;;;;